{
  "project_info": {
    "project_number": "52913283854",
    "firebase_url": "https://mario-coin-default-rtdb.firebaseio.com",
    "project_id": "mario-coin",
    "storage_bucket": "mario-coin.appspot.com"
  },
  "client": [
    {
      "client_info": {
        "mobilesdk_app_id": "1:52913283854:android:922a89e24dc0ee6f3aad5f",
        "android_client_info": {
          "package_name": "com.NegrasPedras.MarioCoin"
        }
      },
      "oauth_client": [],
      "api_key": [
        {
          "current_key": "AIzaSyA_AeRtxSDuwnfeyXiPaKmUwitd0awdjuk"
        }
      ],
      "services": {
        "appinvite_service": {
          "other_platform_oauth_client": []
        }
      }
    }
  ],
  "configuration_version": "1"
}